Afghanistan,"arable land: 11.95% 
      
      
        permanent crops: 0.18% 
      
      
        other: 87.87% (2011)"
Albania,"arable land: 21.63% 
      
      
        permanent crops: 2.57% 
      
      
        other: 75.79% (2011)"
Algeria,"arable land: 3.15% 
      
      
        permanent crops: 0.38% 
      
      
        other: 96.46% (2011)"
American Samoa,"arable land: 9.5% 
      
      
        permanent crops: 15% 
      
      
        other: 75.5% (2011)"
Andorra,"arable land: 5.32% 
      
      
        permanent crops: 0% 
      
      
        other: 94.68% (2011)"
Angola,"arable land: 3.29% 
      
      
        permanent crops: 0.23% 
      
      
        other: 96.48% (2011)"
Anguilla,"arable land: 0% 
      
      
        permanent crops: 0% 
      
      
        other: 100% (mostly rock with sparse scrub oak, few trees, some commercial salt ponds) (2011)"
Antarctica,"arable land: 0% 
      
      
        permanent crops: 0% 
      
      
        other: 100% (ice 98%, barren rock 2%) (2011)"
Antigua and Barbuda,"arable land: 9.09% 
      
      
        permanent crops: 2.27% 
      
      
        other: 88.64% (2011)"
Argentina,"arable land: 13.68% 
      
      
        permanent crops: 0.36% 
      
      
        other: 85.96% (2011)"
Armenia,"arable land: 14.47% 
      
      
        permanent crops: 1.8% 
      
      
        other: 83.74% (2011)"
Aruba,"arable land: 11.11% 
      
      
        permanent crops: 0% 
      
      
        other: 88.89% (2005)"
Ashmore and Cartier Islands,"arable land: 0% 
      
      
        permanent crops: 0% 
      
      
        other: 100% (all grass and sand) (2011)"
Australia,"arable land: 6.16% (includes about 27 million hectares of cultivated grassland) 
      
      
        permanent crops: 0.05% 
      
      
        other: 93.79% (2011)"
Austria,"arable land: 16.25% 
      
      
        permanent crops: 0.77% 
      
      
        other: 82.98% (2011)"
Azerbaijan,"arable land: 21.78% 
      
      
        permanent crops: 2.62% 
      
      
        other: 75.6% (2011)"
"Bahamas, The","arable land: 0.65% 
      
      
        permanent crops: 0.29% 
      
      
        other: 99.06% (2011)"
Bahrain,"arable land: 1.79% 
      
      
        permanent crops: 3.95% 
      
      
        other: 94.26% (2011)"
Bangladesh,"arable land: 52.97% 
      
      
        permanent crops: 6.25% 
      
      
        other: 40.78% (2011)"
Barbados,"arable land: 27.91% 
      
      
        permanent crops: 2.33% 
      
      
        other: 69.77% (2011)"
Belarus,"arable land: 26.63% 
      
      
        permanent crops: 0.59% 
      
      
        other: 72.78% (2011)"
Belgium,"arable land: 27.06% 
      
      
        permanent crops: 0.72% 
      
      
        other: 72.22% 
      
      
        note: includes Luxembourg (2011)"
Belize,"arable land: 3.27% 
      
      
        permanent crops: 1.39% 
      
      
        other: 95.34% (2011)"
Benin,"arable land: 22.48% 
      
      
        permanent crops: 2.61% 
      
      
        other: 74.9% (2011)"
Bermuda,"arable land: 14.8% 
      
      
        permanent crops: 0% 
      
      
        other: 85.2% (55% developed, 45% rural/open space) (2011)"
Bhutan,"arable land: 2.49% 
      
      
        permanent crops: 0.46% 
      
      
        other: 97.06% (2011)"
Bolivia,"arable land: 3.49% 
      
      
        permanent crops: 0.2% 
      
      
        other: 96.31% (2011)"
Bosnia and Herzegovina,"arable land: 19.63% 
      
      
        permanent crops: 1.99% 
      
      
        other: 78.38% (2011)"
Botswana,"arable land: 0.45% 
      
      
        permanent crops: 0% 
      
      
        other: 99.55% (2011)"
Bouvet Island,"arable land: 0% 
      
      
        permanent crops: 0% 
      
      
        other: 100% (93% ice) (2011)"
Brazil,"arable land: 8.45% 
      
      
        permanent crops: 0.83% 
      
      
        other: 90.72% (2011)"
British Indian Ocean Territory,"arable land: 0% 
      
      
        permanent crops: 0% 
      
      
        other: 100% (2011)"
British Virgin Islands,"arable land: 6.67% 
      
      
        permanent crops: 6.67% 
      
      
        other: 86.67% (2011)"
Brunei,"arable land: 0.52% 
      
      
        permanent crops: 0.87% 
      
      
        other: 98.61% (2011)"
Bulgaria,"arable land: 29.28% 
      
      
        permanent crops: 1.44% 
      
      
        other: 69.28% (2011)"
Burkina Faso,"arable land: 20.79% 
      
      
        permanent crops: 0.24% 
      
      
        other: 78.98% (2011)"
Burma,"arable land: 15.94% 
      
      
        permanent crops: 2.16% 
      
      
        other: 81.89% (2011)"
Burundi,"arable land: 33.06% 
      
      
        permanent crops: 14.37% 
      
      
        other: 52.57% (2011)"
Cabo Verde,"arable land: 11.66% 
      
      
        permanent crops: 0.74% 
      
      
        other: 87.59% (2011)"
Cambodia,"arable land: 22.09% 
      
      
        permanent crops: 0.86% 
      
      
        other: 77.05% (2011)"
Cameroon,"arable land: 13.04% 
      
      
        permanent crops: 2.94% 
      
      
        other: 84.01% (2011)"
Canada,"arable land: 4.3% 
      
      
        permanent crops: 0.49% 
      
      
        other: 95.2% (2011)"
Cayman Islands,"arable land: 0.83% 
      
      
        permanent crops: 2.08% 
      
      
        other: 97.08% (2011)"
Central African Republic,"arable land: 2.89% 
      
      
        permanent crops: 0.13% 
      
      
        other: 96.98% (2011)"
Chad,"arable land: 3.82% 
      
      
        permanent crops: 0.02% 
      
      
        other: 96.16% (2011)"
Chile,"arable land: 1.74% 
      
      
        permanent crops: 0.6% 
      
      
        other: 97.65% (2011)"
China,"arable land: 11.62% 
      
      
        permanent crops: 1.53% 
      
      
        other: 86.84% (2011)"
Christmas Island,"arable land: 0% 
      
      
        permanent crops: 0% 
      
      
        other: 100% (mainly tropical rainforest; 63% of the island is a national park) (2011)"
Clipperton Island,"arable land: 0% 
      
      
        permanent crops: 0% 
      
      
        other: 100% (all coral) (2011)"
Cocos (Keeling) Islands,"arable land: 0% 
      
      
        permanent crops: 0% 
      
      
        other: 100% (2011)"
Colombia,"arable land: 1.84% 
      
      
        permanent crops: 1.66% 
      
      
        other: 96.5% (2011)"
Comoros,"arable land: 44.06% 
      
      
        permanent crops: 31.17% 
      
      
        other: 24.77% (2011)"
"Congo, Democratic Republic of the","arable land: 2.9% 
      
      
        permanent crops: 0.32% 
      
      
        other: 96.78% (2011)"
"Congo, Republic of the","arable land: 1.46% 
      
      
        permanent crops: 0.18% 
      
      
        other: 98.36% (2011)"
Cook Islands,"arable land: 8.33% 
      
      
        permanent crops: 4.17% 
      
      
        other: 87.5% (2011)"
Coral Sea Islands,"arable land: 0% 
      
      
        permanent crops: 0% 
      
      
        other: 100% (mostly grass or scrub cover) (2011)"
Costa Rica,"arable land: 4.89% 
      
      
        permanent crops: 6.46% 
      
      
        other: 88.65% (2011)"
Cote d'Ivoire,"arable land: 8.99% 
      
      
        permanent crops: 13.65% 
      
      
        other: 77.36% (2011)"
Croatia,"arable land: 15.85% 
      
      
        permanent crops: 1.47% 
      
      
        other: 82.69% (2011)"
Cuba,"arable land: 32.31% 
      
      
        permanent crops: 3.55% 
      
      
        other: 64.15% (2011)"
Curacao,"arable land: 10% 
      
      
        permanent crops: 0% 
      
      
        other: 90% (2011)"
Cyprus,"arable land: 9.06% 
      
      
        permanent crops: 3.54% 
      
      
        other: 87.41% (2011)"
Czech Republic,"arable land: 40.12% 
      
      
        permanent crops: 0.96% 
      
      
        other: 58.92% (2011)"
Denmark,"arable land: 57.99% 
      
      
        permanent crops: 0.09% 
      
      
        other: 41.91% (2011)"
Djibouti,"arable land: 0.09% 
      
      
        permanent crops: 0% 
      
      
        other: 99.91% (2011)"
Dominica,"arable land: 8% 
      
      
        permanent crops: 24% 
      
      
        other: 68% (2011)"
Dominican Republic,"arable land: 16.44% 
      
      
        permanent crops: 9.25% 
      
      
        other: 74.32% (2011)"
Ecuador,"arable land: 4.51% 
      
      
        permanent crops: 5.38% 
      
      
        other: 90.11% (2011)"
Egypt,"arable land: 2.87% 
      
      
        permanent crops: 0.79% 
      
      
        other: 96.34% (2011)"
El Salvador,"arable land: 31.61% 
      
      
        permanent crops: 10.93% 
      
      
        other: 57.46% (2011)"
Equatorial Guinea,"arable land: 4.63% 
      
      
        permanent crops: 2.5% 
      
      
        other: 92.87% (2011)"
Eritrea,"arable land: 5.87% 
      
      
        permanent crops: 0.02% 
      
      
        other: 94.12% (2011)"
Estonia,"arable land: 13.97% 
      
      
        permanent crops: 0.13% 
      
      
        other: 85.89% (2011)"
Ethiopia,"arable land: 13.19% 
      
      
        permanent crops: 1.01% 
      
      
        other: 85.8% (2011)"
European Union,"arable land: 24.91 
      
      
        permanent crops: 2.75 
      
      
        other: 72.34 (2011)"
Falkland Islands (Islas Malvinas),"arable land: 0% 
      
      
        permanent crops: 0% 
      
      
        other: 100% (99% permanent pastures, 1% other) (2011)"
Faroe Islands,"arable land: 2.15% 
      
      
        permanent crops: 0% 
      
      
        other: 97.85% (2011)"
Fiji,"arable land: 9.17% 
      
      
        permanent crops: 4.65% 
      
      
        other: 86.17% (2011)"
Finland,"arable land: 6.65% 
      
      
        permanent crops: 0.01% 
      
      
        other: 93.34% (2011)"
France,"arable land: 33.45% 
      
      
        permanent crops: 1.86% 
      
      
        other: 64.69% 
      
      
        note: French Guiana - arable land 0.13%, permanent crops 0.04%, other 99.83% (90% forest, 10% other); Guadeloupe - arable land 11.70%, permanent crops 2.92%, other 85.38%; Martinique - arable land 9.09%, permanent crops 10.0%, other 80.91%; Reunion - arable land 13.94%, permanent crops 1.59%, other 84.47% (2011)"
French Polynesia,"arable land: 0.68% 
      
      
        permanent crops: 6.28% 
      
      
        other: 93.03% (2011)"
French Southern and Antarctic Lands,"Ile Amsterdam (Ile Amsterdam et Ile Saint-Paul) - 100% trees, grasses, ferns, and moss; Ile Saint-Paul (Ile Amsterdam et Ile Saint-Paul) - 100% grass, ferns, and moss; Iles Crozet - 100% tossock grass, heath, and fern; Iles Kerguelen - 100% tossock grass and Kerguelen cabbage; Bassas da India (Iles Eparses) - 100% rock, coral reef, and sand; Europa Island (Iles Eparses) - 100% mangrove swamp and dry woodlands; Glorioso Islands (Iles Eparses) - 100% lush vegetation and coconut palms; Juan de Nova Island (Iles Eparses) - 90% forest, 10% other; Tromelin Island (Iles Eparses) - 100% grasses and scattered brush (2011)"
Gabon,"arable land: 1.21% 
      
      
        permanent crops: 0.64% 
      
      
        other: 98.15% (2011)"
"Gambia, The","arable land: 39.82% 
      
      
        permanent crops: 0.44% 
      
      
        other: 59.73% (2011)"
Gaza Strip,"arable land: 7.39% 
      
      
        permanent crops: 10.96% 
      
      
        other: 81.64% (2011)"
Georgia,"arable land: 5.94% 
      
      
        permanent crops: 1.65% 
      
      
        other: 92.41% (2011)"
Germany,"arable land: 33.25% 
      
      
        permanent crops: 0.56% 
      
      
        other: 66.19% (2011)"
Ghana,"arable land: 20.12% 
      
      
        permanent crops: 11.74% 
      
      
        other: 68.14% (2011)"
Gibraltar,"arable land: 0% 
      
      
        permanent crops: 0% 
      
      
        other: 100% (2011)"
Greece,"arable land: 18.95% 
      
      
        permanent crops: 8.73% 
      
      
        other: 72.32% (2011)"
Greenland,"arable land: 0% 
      
      
        permanent crops: 0% 
      
      
        other: 100% (2011)"
Grenada,"arable land: 8.82% 
      
      
        permanent crops: 20.59% 
      
      
        other: 70.59% (2011)"
Guam,"arable land: 1.85% 
      
      
        permanent crops: 16.67% 
      
      
        other: 81.48% (2011)"
Guatemala,"arable land: 13.78% 
      
      
        permanent crops: 8.68% 
      
      
        other: 77.55% (2011)"
Guernsey,"arable land: NA 
      
      
        permanent crops: NA 
      
      
        other: NA"
Guinea,"arable land: 11.59% 
      
      
        permanent crops: 2.81% 
      
      
        other: 85.6% (2011)"
Guinea-Bissau,"arable land: 8.3% 
      
      
        permanent crops: 6.92% 
      
      
        other: 84.78% (2011)"
Guyana,"arable land: 1.95% 
      
      
        permanent crops: 0.13% 
      
      
        other: 97.92% (2011)"
Haiti,"arable land: 36.04% 
      
      
        permanent crops: 10.09% 
      
      
        other: 53.87% (2011)"
Heard Island and McDonald Islands,"arable land: 0% 
      
      
        permanent crops: 0% 
      
      
        other: 100% (2011)"
Holy See (Vatican City),"arable land:  
      
      
        permanent crops: 0% 
      
      
        other: 100% (urban area) (2011)"
Honduras,"arable land: 9.07% 
      
      
        permanent crops: 3.91% 
      
      
        other: 87.02% (2011)"
Hong Kong,"arable land: 5.05% 
      
      
        permanent crops: 1.01% 
      
      
        other: 93.94% (2011)"
Howland Island,"arable land: 0% 
      
      
        permanent crops: 0% 
      
      
        other: 100% (2001)"
Hungary,"arable land: 47.24% 
      
      
        permanent crops: 1.97% 
      
      
        other: 50.79% (2011)"
Iceland,"arable land: 1.19% 
      
      
        permanent crops: 0% 
      
      
        other: 98.81% (2011)"
India,"arable land: 47.87% 
      
      
        permanent crops: 3.74% 
      
      
        other: 48.39% (2011)"
Indonesia,"arable land: 12.34% 
      
      
        permanent crops: 10.5% 
      
      
        other: 77.16% (2011)"
Iran,"arable land: 10.05% 
      
      
        permanent crops: 1.08% 
      
      
        other: 88.86% (2011)"
Iraq,"arable land: 9.19% 
      
      
        permanent crops: 0.48% 
      
      
        other: 90.33% (2011)"
Ireland,"arable land: 15.11% 
      
      
        permanent crops: 0.01% 
      
      
        other: 84.87% (2011)"
Isle of Man,"arable land: 43.86% 
      
      
        permanent crops: 0% 
      
      
        other: 56.14% (permanent pastures, forests, mountain, and heathland) (2011)"
Israel,"arable land: 13.68% 
      
      
        permanent crops: 3.69% 
      
      
        other: 82.62% (2011)"
Italy,"arable land: 22.57% 
      
      
        permanent crops: 8.37% 
      
      
        other: 69.07% (2011)"
Jamaica,"arable land: 10.92% 
      
      
        permanent crops: 9.1% 
      
      
        other: 79.98% (2011)"
Jan Mayen,"arable land: 0% 
      
      
        permanent crops: 0% 
      
      
        other: 100% (2011)"
Japan,"arable land: 11.26% 
      
      
        permanent crops: 0.81% 
      
      
        other: 87.93% (2011)"
Jarvis Island,"arable land: 0% 
      
      
        permanent crops: 0% 
      
      
        other: 100% (2011)"
Jersey,"arable land: NA 
      
      
        permanent crops: NA 
      
      
        other: NA"
Johnston Atoll,"arable land: 0% 
      
      
        permanent crops: 0% 
      
      
        other: 100% (2011)"
Jordan,"arable land: 1.97% 
      
      
        permanent crops: 0.95% 
      
      
        other: 97.08% (2011)"
Kazakhstan,"arable land: 8.82% 
      
      
        permanent crops: 0.03% 
      
      
        other: 91.15% (2011)"
Kenya,"arable land: 9.48% 
      
      
        permanent crops: 1.12% 
      
      
        other: 89.4% (2011)"
Kingman Reef,"arable land: 0% 
      
      
        permanent crops: 0% 
      
      
        other: 100% (2011)"
Kiribati,"arable land: 2.47% 
      
      
        permanent crops: 39.51% 
      
      
        other: 58.02% (2011)"
"Korea, North","arable land: 19.08% 
      
      
        permanent crops: 1.7% 
      
      
        other: 79.22% (2011)"
"Korea, South","arable land: 14.93% 
      
      
        permanent crops: 2.06% 
      
      
        other: 83% (2011)"
Kuwait,"arable land: 0.62% 
      
      
        permanent crops: 0.28% 
      
      
        other: 99.1% (2011)"
Kyrgyzstan,"arable land: 6.38% 
      
      
        permanent crops: 0.37% 
      
      
        other: 93.24% 
      
      
        note: Kyrgyzstan has the world's largest natural-growth walnut forest (2011)"
Laos,"arable land: 5.91% 
      
      
        permanent crops: 0.42% 
      
      
        other: 93.67% (2011)"
Latvia,"arable land: 17.96% 
      
      
        permanent crops: 0.11% 
      
      
        other: 81.93% (2011)"
Lebanon,"arable land: 10.72% 
      
      
        permanent crops: 12.06% 
      
      
        other: 77.22% (2011)"
Lesotho,"arable land: 10.14% 
      
      
        permanent crops: 0.13% 
      
      
        other: 89.72% (2011)"
Liberia,"arable land: 4.04% 
      
      
        permanent crops: 1.62% 
      
      
        other: 94.34% (2011)"
Libya,"arable land: 0.99% 
      
      
        permanent crops: 0.19% 
      
      
        other: 98.82% (2011)"
Liechtenstein,"arable land: 21.88% 
      
      
        permanent crops: 0% 
      
      
        other: 78.12% (2011)"
Lithuania,"arable land: 33.48% 
      
      
        permanent crops: 0.47% 
      
      
        other: 66.05% (2011)"
Luxembourg,"arable land: 23.9% 
      
      
        permanent crops: 0.58% 
      
      
        other: 75.52% (includes Belgium) (2011)"
Macau,"arable land: 0% 
      
      
        permanent crops: 0% 
      
      
        other: 100% (2011)"
Macedonia,"arable land: 16.1% 
      
      
        permanent crops: 1.36% 
      
      
        other: 82.54% (2011)"
Madagascar,"arable land: 5.96% 
      
      
        permanent crops: 1.02% 
      
      
        other: 93.02% (2011)"
Malawi,"arable land: 30.38% 
      
      
        permanent crops: 1.1% 
      
      
        other: 68.52% (2011)"
Malaysia,"arable land: 5.44% 
      
      
        permanent crops: 17.49% 
      
      
        other: 77.07% (2011)"
Maldives,"arable land: 10% 
      
      
        permanent crops: 10% 
      
      
        other: 80% (2011)"
Mali,"arable land: 5.53% 
      
      
        permanent crops: 0.1% 
      
      
        other: 94.37% (2011)"
Malta,"arable land: 28.12% 
      
      
        permanent crops: 4.06% 
      
      
        other: 67.81% (2011)"
Marshall Islands,"arable land: 11.11% 
      
      
        permanent crops: 44.44% 
      
      
        other: 44.44% (2011)"
Mauritania,"arable land: 0.44% 
      
      
        permanent crops: 0.01% 
      
      
        other: 99.55% (2011)"
Mauritius,"arable land: 38.24% 
      
      
        permanent crops: 1.96% 
      
      
        other: 59.8% (2011)"
Mexico,"arable land: 12.98% 
      
      
        permanent crops: 1.36% 
      
      
        other: 85.66% (2011)"
"Micronesia, Federated States of","arable land: 2.86% 
      
      
        permanent crops: 24.29% 
      
      
        other: 72.86% (2011)"
Midway Islands,"arable land: 0% 
      
      
        permanent crops: 0% 
      
      
        other: 100% (2011)"
Moldova,"arable land: 53.47% 
      
      
        permanent crops: 8.77% 
      
      
        other: 37.75% (2011)"
Monaco,"arable land: 0% 
      
      
        permanent crops: 1% 
      
      
        other: 99% (urban area) (2011)"
Mongolia,"arable land: 0.39% 
      
      
        permanent crops: 0% 
      
      
        other: 99.61% (2011)"
Montenegro,"arable land: 12.45% 
      
      
        permanent crops: 1.16% 
      
      
        other: 86.39% (2011)"
Montserrat,"arable land: 20% 
      
      
        permanent crops: 0% 
      
      
        other: 80% (2011)"
Morocco,"arable land: 17.79% 
      
      
        permanent crops: 2.6% 
      
      
        other: 79.61% (2011)"
Mozambique,"arable land: 6.51% 
      
      
        permanent crops: 0.25% 
      
      
        other: 93.24% (2011)"
Namibia,"arable land: 0.97% 
      
      
        permanent crops: 0.01% 
      
      
        other: 99.02% (2011)"
Nauru,"arable land: 0% 
      
      
        permanent crops: 20% 
      
      
        other: 80% (2011)"
Navassa Island,"arable land: 0% 
      
      
        permanent crops: 0% 
      
      
        other: 100% (2011)"
Nepal,"arable land: 16% 
      
      
        permanent crops: 0.8% 
      
      
        other: 83.2% (2011)"
Netherlands,"arable land: 25.08% 
      
      
        permanent crops: 0.88% 
      
      
        other: 74.04% (2011)"
New Caledonia,"arable land: 0.38% 
      
      
        permanent crops: 0.27% 
      
      
        other: 99.34% (2011)"
New Zealand,"arable land: 1.76% 
      
      
        permanent crops: 0.27% 
      
      
        other: 97.98% (2011)"
Nicaragua,"arable land: 14.57% 
      
      
        permanent crops: 1.76% 
      
      
        other: 83.66% (2011)"
Niger,"arable land: 11.79% 
      
      
        permanent crops: 0.05% 
      
      
        other: 88.16% (2011)"
Nigeria,"arable land: 38.97% 
      
      
        permanent crops: 3.46% 
      
      
        other: 57.57% (2011)"
Niue,"arable land: 3.85% 
      
      
        permanent crops: 11.54% 
      
      
        other: 84.62% (2011)"
Norfolk Island,"arable land: 0% 
      
      
        permanent crops: 0% 
      
      
        other: 100% (2011)"
Northern Mariana Islands,"arable land: 2.17% 
      
      
        permanent crops: 2.17% 
      
      
        other: 95.65% (2011)"
Norway,"arable land: 2.52% 
      
      
        permanent crops: 0.01% 
      
      
        other: 97.46% (2011)"
Oman,"arable land: 0.1% 
      
      
        permanent crops: 0.12% 
      
      
        other: 99.77% (2011)"
Pakistan,"arable land: 26.02% 
      
      
        permanent crops: 1.05% 
      
      
        other: 72.93% (2011)"
Palau,"arable land: 2.17% 
      
      
        permanent crops: 4.35% 
      
      
        other: 93.48% (2011)"
Palmyra Atoll,"arable land: 0% 
      
      
        permanent crops: 0% 
      
      
        other: 100% (forests and woodlands) (2011)"
Panama,"arable land: 7.16% 
      
      
        permanent crops: 2.51% 
      
      
        other: 90.33% (2011)"
Papua New Guinea,"arable land: 0.65% 
      
      
        permanent crops: 1.51% 
      
      
        other: 97.84% (2011)"
Paracel Islands,"arable land: 0% 
      
      
        permanent crops: 0% 
      
      
        other: 100% (2011)"
Paraguay,"arable land: 9.59% 
      
      
        permanent crops: 0.22% 
      
      
        other: 90.19% (2011)"
Peru,"arable land: 2.84% 
      
      
        permanent crops: 0.66% 
      
      
        other: 96.5% (2011)"
Philippines,"arable land: 18% 
      
      
        permanent crops: 17.33% 
      
      
        other: 64.67% (2011)"
Pitcairn Islands,"arable land: 0% 
      
      
        permanent crops: 0% 
      
      
        other: 100% (2011)"
Poland,"arable land: 35.49% 
      
      
        permanent crops: 1.25% 
      
      
        other: 63.26% (2011)"
Portugal,"arable land: 11.88% 
      
      
        permanent crops: 7.71% 
      
      
        other: 80.41% (2011)"
Puerto Rico,"arable land: 6.76% 
      
      
        permanent crops: 4.51% 
      
      
        other: 88.73% (2011)"
Qatar,"arable land: 1.21% 
      
      
        permanent crops: 0.17% 
      
      
        other: 98.62% (2011)"
Romania,"arable land: 37.73% 
      
      
        permanent crops: 1.86% 
      
      
        other: 60.41% (2011)"
Russia,"arable land: 7.11% 
      
      
        permanent crops: 0.1% 
      
      
        other: 92.79% (2011)"
Rwanda,"arable land: 46.32% 
      
      
        permanent crops: 9.49% 
      
      
        other: 44.19% (2011)"
"Saint Helena, Ascension, and Tristan da Cunha","arable land: 10.26% 
      
      
        permanent crops: 0% 
      
      
        other: 89.74% (2011)"
Saint Kitts and Nevis,"arable land: 19.23% 
      
      
        permanent crops: 0.38% 
      
      
        other: 80.38% (2011)"
Saint Lucia,"arable land: 4.84% 
      
      
        permanent crops: 11.29% 
      
      
        other: 83.87% (2011)"
Saint Pierre and Miquelon,"arable land: 8.7% 
      
      
        permanent crops: 0% 
      
      
        other: 91.3% (2011)"
Saint Vincent and the Grenadines,"arable land: 12.82% 
      
      
        permanent crops: 7.69% 
      
      
        other: 79.49% (2011)"
Samoa,"arable land: 2.82% 
      
      
        permanent crops: 7.75% 
      
      
        other: 89.44% (2011)"
San Marino,"arable land: 16.67% 
      
      
        permanent crops: 0% 
      
      
        other: 83.33% (2011)"
Sao Tome and Principe,"arable land: 9.06% 
      
      
        permanent crops: 40.62% 
      
      
        other: 50.31% (2011)"
Saudi Arabia,"arable land: 1.45% 
      
      
        permanent crops: 0.11% 
      
      
        other: 98.44% (2011)"
Senegal,"arable land: 19.57% 
      
      
        permanent crops: 0.28% 
      
      
        other: 80.15% (2011)"
Serbia,"arable land: 37.28% 
      
      
        permanent crops: 3.41% 
      
      
        other: 59.31% (2011)"
Seychelles,"arable land: 2.17% 
      
      
        permanent crops: 4.35% 
      
      
        other: 93.48% (2011)"
Sierra Leone,"arable land: 15.33% 
      
      
        permanent crops: 1.88% 
      
      
        other: 82.79% (2011)"
Singapore,"arable land: 0.89% 
      
      
        permanent crops: 0.14% 
      
      
        other: 98.97% (2011)"
Sint Maarten,"arable land: 10% 
      
      
        permanent crops: 0% 
      
      
        other: 90% (2011)"
Slovakia,"arable land: 28.36% 
      
      
        permanent crops: 0.41% 
      
      
        other: 71.22% (2011)"
Slovenia,"arable land: 8.31% 
      
      
        permanent crops: 1.33% 
      
      
        other: 90.36% (2011)"
Solomon Islands,"arable land: 0.62% 
      
      
        permanent crops: 2.25% 
      
      
        other: 97.13% (2011)"
Somalia,"arable land: 1.73% 
      
      
        permanent crops: 0.05% 
      
      
        other: 98.23% (2011)"
South Africa,"arable land: 9.87% 
      
      
        permanent crops: 0.34% 
      
      
        other: 89.79% (2011)"
South Georgia and South Sandwich Islands,"arable land: 0% 
      
      
        permanent crops: 0% 
      
      
        other: 100% (largely covered by permanent ice and snow with some sparse vegetation consisting of grass, moss, and lichen) (2011)"
Spain,"arable land: 24.75% 
      
      
        permanent crops: 9.29% 
      
      
        other: 65.96% (2011)"
Spratly Islands,"arable land: 0% 
      
      
        permanent crops: 0% 
      
      
        other: 100% (2011)"
Sri Lanka,"arable land: 18.29% 
      
      
        permanent crops: 14.94% 
      
      
        other: 66.77% (2011)"
Sudan,"arable land: 6.76% 
      
      
        permanent crops: 0.07% 
      
      
        other: 93.17% (2011)"
Suriname,"arable land: 0.36% 
      
      
        permanent crops: 0.04% 
      
      
        other: 99.6% (2011)"
Svalbard,"arable land: 0% 
      
      
        permanent crops: 0% 
      
      
        other: 100% (no trees; the only bushes are crowberry and cloudberry) (2011)"
Swaziland,"arable land: 10.08% 
      
      
        permanent crops: 0.86% 
      
      
        other: 89.06% (2011)"
Sweden,"arable land: 5.8% 
      
      
        permanent crops: 0.02% 
      
      
        other: 94.18% (2011)"
Switzerland,"arable land: 9.8% 
      
      
        permanent crops: 0.57% 
      
      
        other: 89.63% (2011)"
Syria,"arable land: 24.9% 
      
      
        permanent crops: 5.69% 
      
      
        other: 69.41% (2011)"
Taiwan,"arable land: 24% 
      
      
        permanent crops: 1% 
      
      
        other: 75% (2011)"
Tajikistan,"arable land: 5.96% 
      
      
        permanent crops: 0.91% 
      
      
        other: 93.13% (2011)"
Tanzania,"arable land: 12.25% 
      
      
        permanent crops: 1.79% 
      
      
        other: 85.96% (2011)"
Thailand,"arable land: 30.71% 
      
      
        permanent crops: 8.77% 
      
      
        other: 60.52% (2011)"
Timor-Leste,"arable land: 10.09% 
      
      
        permanent crops: 4.03% 
      
      
        other: 85.88% (2011)"
Togo,"arable land: 44.2% 
      
      
        permanent crops: 3.7% 
      
      
        other: 52.1% (2011)"
Tokelau,"arable land: 0% (soil is thin and infertile) 
      
      
        permanent crops: 60% 
      
      
        other: 40% (2011)"
Tonga,"arable land: 21.33% 
      
      
        permanent crops: 14.67% 
      
      
        other: 64% (2011)"
Trinidad and Tobago,"arable land: 4.87% 
      
      
        permanent crops: 4.29% 
      
      
        other: 90.84% (2011)"
Tunisia,"arable land: 17.35% 
      
      
        permanent crops: 14.63% 
      
      
        other: 68.02% (2011)"
Turkey,"arable land: 26.21% 
      
      
        permanent crops: 3.94% 
      
      
        other: 69.84% (2011)"
Turkmenistan,"arable land: 3.89% 
      
      
        permanent crops: 0.12% 
      
      
        other: 95.98% (2011)"
Turks and Caicos Islands,"arable land: 1.05% 
      
      
        permanent crops: 0% 
      
      
        other: 98.95% (2011)"
Tuvalu,"arable land: 0% 
      
      
        permanent crops: 60% 
      
      
        other: 40% (2011)"
Uganda,"arable land: 27.94% 
      
      
        permanent crops: 9.11% 
      
      
        other: 62.95% (2011)"
Ukraine,"arable land: 53.85% 
      
      
        permanent crops: 1.48% 
      
      
        other: 44.67% (2011)"
United Arab Emirates,"arable land: 0.61% 
      
      
        permanent crops: 0.5% 
      
      
        other: 98.9% (2011)"
United Kingdom,"arable land: 24.88% 
      
      
        permanent crops: 0.18% 
      
      
        other: 74.93% (2011)"
United States,"arable land: 16.29% 
      
      
        permanent crops: 0.26% 
      
      
        other: 83.44% (2011)"
United States Pacific Island Wildlife Refuges,"arable land: 0% 
      
      
        permanent crops: 0% 
      
      
        other: 100% (2011)"
Uruguay,"arable land: 10.25% 
      
      
        permanent crops: 0.22% 
      
      
        other: 89.52% (2011)"
Uzbekistan,"arable land: 9.61% 
      
      
        permanent crops: 0.8% 
      
      
        other: 89.58% (2011)"
Vanuatu,"arable land: 1.64% 
      
      
        permanent crops: 10.25% 
      
      
        other: 88.11% (2011)"
Venezuela,"arable land: 2.85% 
      
      
        permanent crops: 0.71% 
      
      
        other: 96.44% (2011)"
Vietnam,"arable land: 19.64% 
      
      
        permanent crops: 11.18% 
      
      
        other: 69.18% (2011)"
Virgin Islands,"arable land: 2.86% 
      
      
        permanent crops: 2.86% 
      
      
        other: 94.29% (2011)"
Wake Island,"arable land: 0% 
      
      
        permanent crops: 0% 
      
      
        other: 100% (2011)"
Wallis and Futuna,"arable land: 7.14% 
      
      
        permanent crops: 35.71% 
      
      
        other: 57.15% (2011)"
West Bank,"arable land: 7.39% 
      
      
        permanent crops: 10.96% 
      
      
        other: 81.64% (2011)"
Western Sahara,"arable land: 0.02% 
      
      
        permanent crops: 0% 
      
      
        other: 99.98% (2011)"
World,"arable land: 10.43% 
      
      
        permanent crops: 1.15% 
      
      
        other: 88.42% (2011)"
Yemen,"arable land: 2.2% 
      
      
        permanent crops: 0.55% 
      
      
        other: 97.25% (2011)"
Zambia,"arable land: 4.52% 
      
      
        permanent crops: 0.05% 
      
      
        other: 95.44% (2011)"
Zimbabwe,"arable land: 10.49% 
      
      
        permanent crops: 0.31% 
      
      
        other: 89.2% (2011)"
